,Canonical SMILES,Label
70,c1cc(ccc1N)S(=O)(=O)c2ccc(cc2)N,1
71,CC(=O)N(CCCCCNC(=O)CCC(=O)N(CCCCCNC(=O)CCC(=O)N(CCCCCN)O)O)O,0
72,CNCCCN1c2ccccc2CCc3c1cccc3,0
73,c1ccc(c(c1)CC(=O)O)Nc2c(cccc2Cl)Cl,1
74,CCN(CC)CCOC(=O)C1(CCCCC1)C2CCCCC2,0
75,c1cc(c(cc1c2ccc(cc2F)F)C(=O)O)O,1
76,C(C(CS)S)O,1
77,CN(C)CCOC(c1ccccc1)c2ccccc2,0
78,C1CCN(CC1)c2c3c(c(nc(n3)N(CCO)CCO)N4CCCCC4)nc(n2)N(CCO)CCO,1
79,CCN(CC)C(=S)SSC(=S)N(CC)CC,1
80,COc1cc2c(cc1OC)C(=O)C(C2)CC3CCN(CC3)Cc4ccccc4,0
81,CC(c1ccccc1)(c2ccccn2)OCCN(C)C,0
82,c1ccc2c(c1)[nH]c(=O)n2C3=CCN(CC3)CCCC(=O)c4ccc(cc4)F,0
83,CC[N+](C)(C)c1cccc(c1)O,0
84,CC(O)(P(=O)(O)O)P(=O)(O)O,0
85,CCc1cccc2c1[nH]c3c2CCOC3(CC)CC(=O)O,1
86,c1cc(ccc1NN=C(C#N)C#N)OC(F)(F)F,1
87,CC(C)OC(=O)C(C)(C)Oc1ccc(cc1)C(=O)c2ccc(cc2)Cl,1
88,CC(c1cccc(c1)Oc2ccccc2)C(=O)O,1
89,CCC(=O)N(c1ccccc1)C2CCN(CC2)CCc3ccccc3,0
90,CC(C)(c1ccc(cc1)C(CCCN2CCC(CC2)C(c3ccccc3)(c4ccccc4)O)O)C(=O)O,0
91,c1cc(ccc1OCC(=O)N2CCN(CC2)Cc3ccc4c(c3)OCO4)Cl,1
92,Cc1c(=O)c2cccc(c2oc1c3ccccc3)C(=O)OCCN4CCCCC4,0
93,c1cc(c(cc1F)F)C(Cn2cncn2)(Cn3cncn3)O,1
94,c1c(c([nH]c(=O)n1)N)F,1
95,c1c(c(=O)[nH]c(=O)[nH]1)F,1
96,CNCCC(c1ccccc1)Oc2ccc(cc2)C(F)(F)F,0
97,CC(c1ccc(c(c1)F)c2ccccc2)C(=O)O,1
98,CC(C)C(=O)Nc1ccc(c(c1)C(F)(F)F)[N+](=O)[O-],1
99,COCCCCC(=NOCCN)c1ccc(cc1)C(F)(F)F,0
100,c1cc(oc1C=NN2CCOC2=O)[N+](=O)[O-],1
101,c1cc(oc1)CNc2cc(c(cc2C(=O)O)S(=O)(=O)N)Cl,1
102,C1CCC(CC1)(CC(=O)O)CN,0
103,CC(C1CCC(C(O1)OC2C(CC(C(C2O)OC3C(C(C(CO3)(C)O)NC)O)N)N)N)NC,0
104,c1ccc(c(c1)C(=O)OCC(CO)O)Nc2ccnc3c2ccc(c3)Cl,1
105,COc1ccccc1OCC(CO)O,0
106,C1CCCN(CCC1)CCN=C(N)N,0
107,CCCCCCc1ccc(cc1O)O,0
108,c1c2c(cc(c1Cl)S(=O)(=O)N)S(=O)(=O)NCN2,1
109,c1ccc(cc1)C(c2ccc(cc2)Cl)N3CCN(CC3)CCOCCO,0
110,c1ccc(cc1)CCNN,0
111,CCN(CC)CC(=O)Nc1c(cccc1C)C,0
112,c1cnccc1c2cc(c(=O)[nH]c2)N,1
113,Cc1c(c2cc(ccc2n1C(=O)c3ccc(cc3)Cl)OC)CC(=O)O,1
115,CC(C)NNC(=O)c1ccncc1,1
116,Cc1cc(no1)C(=O)NNCc2ccccc2,1
117,CC(C)NCC(c1ccc(c(c1)O)O)O,0
118,CC(COc1ccccc1)NC(C)C(c2ccc(cc2)O)O,0
119,CNC1(CCCCC1=O)c2ccccc2Cl,0
120,CC(c1cccc(c1)C(=O)c2ccccc2)C(=O)O,1
121,c1ccc(cc1)C(=O)c2ccc3n2CCC3C(=O)O,1
122,Cc1c(cno1)C(=O)Nc2ccc(cc2)C(F)(F)F,1
123,c1cc(ccc1C#N)C(c2ccc(cc2)C#N)n3cncn3,1
124,CCn1cc(c(=O)c2c1c(c(c(c2)F)N3CCNC(C3)C)F)C(=O)O,1
125,CN(C)C(=O)C(CCN1CCC(CC1)(c2ccc(cc2)Cl)O)(c3ccccc3)c4ccccc4,0
126,CCOC(=O)N1CCC(=C2c3ccc(cc3CCc4c2nccc4)Cl)CC1,0
127,CCCCc1nc(c(n1Cc2ccc(cc2)c3ccccc3c4n[nH]nn4)CO)Cl,1
128,CNCCCC12CCC(c3c1cccc3)c4c2cccc4,0
129,COC(=O)Nc1[nH]c2cc(ccc2n1)C(=O)c3ccccc3,1
130,Cc1cccc(c1)CN2CCN(CC2)C(c3ccccc3)c4ccc(cc4)Cl,0
131,Cc1ccc(c(c1Cl)Nc2ccccc2C(=O)O)Cl,1
132,Cc1cccc(c1C)Nc2ccccc2C(=O)O,1
133,c1cc2c(cc(nc2c(c1)C(F)(F)F)C(F)(F)F)C(C3CCCCN3)O,0
134,CC12CC3CC(C1)(CC(C3)(C2)N)C,0
135,CN1CCCCC1CCN2c3ccccc3Sc4c2cc(cc4)S(=O)C,1
136,CC(C)NCC(c1cc(cc(c1)O)O)O,0
137,CN(C)C(=N)N=C(N)N,0
138,Cc1ccccc1N2C(Nc3cc(c(cc3C2=O)S(=O)(=O)N)Cl)C,1
139,Cc1ncc(n1CCO)[N+](=O)[O-],1
140,CC(C)(c1cccnc1)C(=O)c2cccnc2,0
141,Cc1ncc2n1-c3ccc(cc3C(=NC2)c4ccccc4F)Cl,0
142,COc1ccc(c(c1)C(CNC(=O)CN)O)OC,0
143,c1c(n(c(=N)nc1N2CCCCC2)O)N,0
144,c1ccc(c(c1)C(c2ccc(cc2)Cl)C(Cl)Cl)Cl,0
145,c1cc(c2c(c1NCCNCCO)C(=O)c3c(ccc(c3C2=O)O)O)NCCNCCO,1
146,Cc1cc(c(cc1OC(=O)C)C(C)C)OCCN(C)C,1
147,CCn1cc(c(=O)c2c1nc(cc2)C)C(=O)O,1
148,C1C(C(C(C(C1N)OC2C(C(C(C(O2)CN)O)O)N)OC3C(C(C(O3)CO)OC4C(C(C(C(O4)CN)O)O)N)O)O)N,0
149,Cc1ccnc2c1NC(=O)c3cccnc3N2C4CC4,1
150,c1ccc(cc1)CNC(=O)CCNNC(=O)c2ccncc2,1
151,CC1=C(C(C(=C(N1)C)C(=O)OCCN(C)Cc2ccccc2)c3cccc(c3)[N+](=O)[O-])C(=O)OC,1
152,CC1=C(C(C(=C(N1)C)C(=O)OC)c2ccccc2[N+](=O)[O-])C(=O)OC,1
153,CC1(C(=O)N(C(=O)N1)c2ccc(c(c2)C(F)(F)F)[N+](=O)[O-])C,1
154,CS(=O)(=O)Nc1ccc(cc1Oc2ccccc2)[N+](=O)[O-],1
155,CC1=C(C(C(=C(N1)C)C(=O)OC(C)C)c2cccc(c2)[N+](=O)[O-])C(=O)OCCOC,1
156,CN1Cc2c(cccc2N)C(C1)c3ccccc3,1
157,CCn1cc(c(=O)c2c1cc(c(c2)F)N3CCNCC3)C(=O)O,1
158,Cc1ccccc1C(c2ccccc2)OCCN(C)C,0
159,c1ccc(cc1)c2c(oc(n2)CCC(=O)O)c3ccccc3,1
160,CCCOc1ccc2c(c1)[nH]c(n2)NC(=O)OC,1
161,CCN(CC)CC#CCOC(=O)C(c1ccccc1)(C2CCCCC2)O,0
162,C(CN)C(O)(P(=O)(O)O)P(=O)(O)O,0
163,CC(C)(CO)C(C(=O)NCCCO)O,0
164,COc1ccc(cc1OC)Cc2c3cc(c(cc3ccn2)OC)OC,1
165,CN(CC#C)Cc1ccccc1,0
166,c1ccc(cc1)C2C(=O)N=C(O2)N,1
167,C1CCC(CC1)C(CC2CCCCN2)C3CCCCC3,1
168,CCOc1ccc(cc1)NC(=O)C,1
169,c1ccc(cc1)N=Nc2ccc(nc2N)N,0
170,CC(COc1ccccc1)N(CCCl)Cc2ccccc2,0
171,CC(C)(Cc1ccccc1)N,0
172,CCCCC1C(=O)N(N(C1=O)c2ccccc2)c3ccccc3,1
173,CC1=C(C(=O)c2ccccc2C1=O)CC=C(C)CCCC(C)CCCC(C)CCCC(C)C,0
174,CC(C(C)(C)C)N=C(NC#N)Nc1ccncc1,0
175,CC(C)NCC(COc1cccc2c1cc[nH]2)O,0
176,c1ccc2c(c1)CCN3C2CN(CC3=O)C(=O)C4CCCCC4,0
177,CC(CCCN)Nc1cc(cc2c1nccc2)OC,0
178,CCC1(C(=O)NCNC1=O)c2ccccc2,0
179,CN1CCN(CC1)CCCN2c3ccccc3Sc4c2cc(cc4)Cl,1
180,c1ccc(cc1)C(CCN2CCCC2)(C3CCCCC3)O,0
181,CCCNCC(COc1ccccc1C(=O)CCc2ccccc2)O,0
182,CC(C)c1cccc(c1O)C(C)C,0
183,CC(C)NCC(COc1cccc2c1cccc2)O,0
184,CNCCCC1c2ccccc2C=Cc3c1cccc3,0
185,C[n+]1cccc(c1)OC(=O)N(C)C,0
186,CN(C)CCN(Cc1ccc(cc1)OC)c2ccccn2,0
187,CCc1c(c(nc(n1)N)N)c2ccc(cc2)Cl,1
188,c1cc2c(cc1OC(F)(F)F)sc(n2)N,1
189,Cc1c(c(=O)n2c(n1)CCCC2)CCN3CCC(CC3)c4c5ccc(cc5on4)F,1
190,c1ccc(c(c1)C(=O)N)O,0
191,CN1C2CC(CC1C3C2O3)OC(=O)C(CO)c4ccccc4,0
192,Cc1ccc(cc1Nc2nccc(n2)c3cccnc3)NC(=O)c4ccc(cc4)CN5CCN(CC5)C,1
193,C[N+](C)(C)CCOC(=O)CCC(=O)OCC[N+](C)(C)C,0
194,Cc1nnc(s1)NS(=O)(=O)c2ccc(cc2)N,1
195,Cc1cc(no1)NS(=O)(=O)c2ccc(cc2)N,1
196,c1cc(ccc1N)S(=O)(=O)N,1
197,c1cc(ccc1N)S(=O)(=O)Nc2nccs2,1
198,c1ccc(cc1)N2C(=O)C(C(=O)N2c3ccccc3)CCS(=O)c4ccccc4,0
199,CC1=C(c2cc(ccc2C1=Cc3ccc(cc3)S(=O)C)F)CC(=O)O,1
200,CCCCCCCCNC(C)C(c1ccc(cc1)SC(C)C)O,1
201,Cn1c(=O)n2cnc(c2nn1)C(=O)N,0
202,CC(C)(C)C#CC=CCN(C)Cc1cccc2c1cccc2,1
203,CC(C)(C)c1ccc(cc1)C(CCCN2CCC(CC2)C(c3ccccc3)(c4ccccc4)O)O,0
204,CCCCNc1ccc(cc1)C(=O)OCCN(C)C,0
205,c1ccc(c(c1)CN2CCc3c(ccs3)C2)Cl,1
206,Cc1ccc(cc1)S(=O)(=O)NC(=O)NN2CCCCCC2,1
207,CCCCNC(=O)NS(=O)(=O)c1ccc(cc1)C,1
208,Cc1ccc(cc1)C(=O)c2ccc(n2C)CC(=O)O,1
209,C1CC(CCC1CN)C(=O)O,0
210,c1ccn2c(c1)nn(c2=O)CCCN3CCN(CC3)c4cccc(c4)Cl,1
211,c1ccc(cc1)C(CCN2CCCCC2)(C3CCCCC3)O,0
212,CN(C)CCOc1ccc(cc1)CNC(=O)c2cc(c(c(c2)OC)OC)OC,1
213,COc1cc(cc(c1OC)OC)Cc2cnc(nc2N)N,1
214,Cc1c(c2c(c(c1O)C)CCC(O2)(C)COc3ccc(cc3)CC4C(=O)NC(=O)S4)C,1
215,Cc1ccccc1S(=O)(=O)NC(=O)c2ccc(c(c2)OC)Cc3cn(c4c3cc(cc4)NC(=O)OC5CCCC5)C,1
216,c1ccc2c(c1)c(no2)CS(=O)(=O)N,1
217,CC1CC2C3CCC4=CC(=O)C=CC4(C3(C(CC2(C1(C(=O)CO)O)C)O)F)C,0
218,CC1=C(C(=O)C2=C(C1=O)N3CC4C(C3(C2COC(=O)N)OC)N4)N,0
219,CC[N+](C)(CC)CCOC(=O)C(c1ccccc1)(C2CCCCC2)O,0
220,CC12CCC(=O)C=C1CCC3C2C(CC4(C3CCC4(C(=O)CO)O)C)O,0
221,CC12CCC3c4ccc(cc4CCC3C1CCC2O)O,0
222,Cc1ccc(cc1)N(CC2=NCCN2)c3cccc(c3)O,0
223,c1c(c(=O)[nH]c(=O)n1C2CC(C(O2)CO)O)F,1
224,CNCC(c1ccc(c(c1)O)O)O,0
225,CC(Cc1ccccc1)N,0
226,CC12CC(=O)C3C(C1CCC2(C(=O)CO)O)CCC4=CC(=O)C=CC34C,0
227,CC12CCC3C(C1CCC2(C)O)CCC4C3(COC(=O)C4)C,1
228,CN(C)c1c2c(ncn1)n(cn2)C3C(C(C(O3)CO)NC(=O)C(Cc4ccc(cc4)OC)N)O,1
229,CC(=O)Nc1ccc-2c(c1)Cc3c2cccc3,1
230,CC1(C(N2C(S1)C(C2=O)NC(=O)Cc3ccccc3)C(=O)O)C,0
231,c1c(c(=O)[nH]c(=O)n1C2CC(C(O2)CO)O)I,1
232,CCC1C(COC1=O)Cc2cncn2C,0
233,c1cc(c(cc1Oc2c(cc(cc2I)CC(C(=O)O)N)I)I)O,0
234,CC12CCN(C1N(c3c2cc(cc3)OC(=O)NC)C)C,0
235,CC(=O)OCC1=C(N2C(C(C2=O)NC(=O)Cc3cccs3)SC1)C(=O)O,1
236,C1C(C(C(C(C1N)OC2C(C(C(C(O2)CN)O)O)O)O)OC3C(C(C(C(O3)CO)O)N)O)N,0
237,c1cc(c(cc1CC(C(=O)O)N)O)O,0
238,CC(C(c1cc(ccc1OC)OC)O)N,0
239,Cc1c(c(no1)c2ccccc2Cl)C(=O)NC3C4N(C3=O)C(C(S4)(C)C)C(=O)O,1
240,C(C1C(C(C(C(O1)OC2C(OC(C(C2O)O)O)CO)O)O)O)O,0
241,CSCCC(C(=O)O)N,0
242,CC(=O)NC1CCc2cc(c(c(c2-c3c1cc(=O)c(cc3)OC)OC)OC)OC,0
243,c1c(c(=O)[nH]c(=O)[nH]1)N(CCCl)CCCl,1
244,CC(C)CCCC(C)C1CCC2C1(CCCC2=CC=C3CC(CCC3=C)O)C,0
245,CC12CCC3C(C1CCC2(C#C)O)CCC4=CC(=O)CCC34,0
246,c1cn(c(=O)nc1N)C2C(C(C(O2)CO)O)O,1
247,C(CC(C(=O)O)N)CN=C(N)N,0
248,C(C(CO)(CO)N)O,0
249,CN1CCN(CC1)C(c2ccccc2)c3ccccc3,0
250,CN1C2CCC1CC(C2)OC(c3ccccc3)c4ccccc4,0
251,c1ccc2c(c1)Nc3ccccc3S2,1
252,CCCCNc1ccc(cc1)C(=O)OCCOCCOCCOCCOCCOCCOCCOCCOCCOC,0
253,CCC(CO)NC(=O)C1CN(C2Cc3c[nH]c4c3c(ccc4)C2=C1)C,0
254,c1ccc(cc1)c2cc(c3ccccc3n2)C(=O)O,1
255,CCOC(=O)C1(CCN(CC1)CCc2ccc(cc2)N)c3ccccc3,0
256,CC(=O)CC(c1ccc(cc1)[N+](=O)[O-])c2c(=O)c3ccccc3oc2O,1
257,CC(C(c1ccccc1)O)NC,0
258,Cc1c(ccc2c1oc(c(c2=O)NC(=O)c3ccc(c(c3)CC=C(C)C)O)O)OC4C(C(C(C(O4)(C)C)OC)OC(=O)N)O,1
259,c1nc(nc(=O)n1C2C(C(C(O2)CO)O)O)N,1
260,CCC(CO)NC(=O)C1CN(C2Cc3cn(c4c3c(ccc4)C2=C1)C)C,0
261,CC12CCC3C(C1CCC2(C)O)CCC4C3(CC(=CO)C(=O)C4)C,1
262,CC12CCC3C(C1CCC2O)CCC4=CC(=O)CCC34,1
263,CC1CC2C(CCC3(C2CCC3(C(=O)C)O)C)C4(C1=CC(=O)CC4)C,0
264,CC(Cc1ccccc1)NC,0
265,C[N+](C)(C)CC(CC(=O)[O-])O,0
266,c1cc(ccc1N)S(=O)(=O)NC(=O)N,1
267,c1ccc2c(c1)cccc2N=C=S,1
268,C(C1C(C(C(C(O1)OC2C(OC(C2O)(CO)O)CO)O)O)O)O,0
270,CC(=O)Nc1cccc(c1)O,0
271,CC1C(OCCN1C)c2ccccc2,0
272,CCC1C(C(C(C(=O)C(CC(C(C(C(C(C(=O)O1)C)OC2CC(C(C(O2)C)O)(C)OC)C)OC3C(C(CC(O3)C)N(C)C)O)(C)O)C)C)O)(C)O,1
273,CCC12CCC3C(C1CCC2(C#C)O)CCC4=CC(=O)CCC34,0
275,CCOC(=O)C1(CCN(CC1)CCC(C#N)(c2ccccc2)c3ccccc3)c4ccccc4,0
276,C[N+](C)(C)CCOP(=O)([O-])OP(=O)(O)OCC1C(C(C(O1)n2ccc(nc2=O)N)O)O,0
277,COc1cc2c(c3c1c4c(c(=O)o3)C(=O)CC4)C5C=COC5O2,1
278,Cc1c(c2c(c(c1O)C)CCC(O2)(C)CCCC(C)CCCC(C)CCCC(C)C)C,0
279,CC(C)Cc1ccc(cc1)CC(=O)O,1
280,CC1CC(=O)C2(C(O1)OC3C(C(C(C(C3O2)NC)O)NC)O)O,0
281,c1(c(nc(c(n1)Cl)N)N)C(=O)N=C(N)N,1
282,c1ccc2c(c1)[nH]c(=O)n2C3CCN(CC3)CCCC(c4ccc(cc4)F)c5ccc(cc5)F,0
283,CN(C)CCC(c1ccc(cc1)Br)c2ccccn2,0
284,c1ccc2c(c1)C(=CCCN3CCN(CC3)CCO)c4cc(ccc4S2)C(F)(F)F,0
285,Cc1cn(c(=O)[nH]c1=O)C2C=CC(O2)CO,1
286,Cc1c(c(no1)c2c(cccc2Cl)Cl)C(=O)NC3C4N(C3=O)C(C(S4)(C)C)C(=O)O,1
287,CC1C(C(C(O1)OC2C(C(C(C(C2O)O)N=C(N)N)O)N=C(N)N)OC3C(C(C(C(O3)CO)O)O)NC)(C=O)O,0
288,COc1cc(c(cc1S(=O)(=O)O)C(=O)c2ccccc2)O,0
289,CC1CC2C3CCC4=CC(=O)C=CC4(C3(C(CC2(C1(C(=O)CO)O)C)O)Cl)C,0
290,CN(C)CCCC1c2ccccc2Nc3c1cc(cc3)Cl,1
291,CCc1c([nH]c2c1C(=O)C(CC2)CN3CCOCC3)C,0
292,c1cn(c(=O)nc1N)C2CCC(O2)CO,1
293,C[Si](C)(C)O[Si](C)(C)O[Si](C)(C)C,0
294,COC(=O)Nc1[nH]c2ccccc2n1,1
295,CC(Cc1ccccc1)N(C)CC#C,0
296,CC(C(c1ccccc1)O)N,0
297,CC(c1ccccc1)(c2ccc(cc2)Cl)OCCC3CCCN3C,0
299,c1cc(ccc1c2nc(cs2)CC(=O)O)Cl,1
300,CC(=O)N1c2ccccc2C(C1=O)(c3ccc(cc3)OC(=O)C)c4ccc(cc4)OC(=O)C,1
301,CN(C(=O)NC1C(C(C(OC1O)CO)O)O)N=O,1
302,CC1C(C(CC(O1)OC2C(OC(CC2O)OC3C(OC(CC3O)OC4CCC5(C(C4)CCC6C5CC(C7(C6(CCC7C8=CC(=O)OC8)O)C)O)C)C)C)O)O,0
303,C=CCOc1ccc(cc1Cl)CC(=O)O,1
304,CC12CCC(=O)C=C1CCC3C2(C(CC4(C3CCC4(C(=O)CO)O)C)O)F,0
305,CC(CCC(=O)O)C1CCC2C1(CCC3C2C(CC4C3(CCC(C4)O)C)O)C,0
306,CC(=O)NC1C(C(C(OC1O)CO)OS(=O)(=O)[O-])OC2C(C(C(C(O2)C(=O)[O-])O)O)O,1
307,Cc1c(c2ccc(cc2n1CC(=O)O)OC)C(=O)c3ccc(cc3)Cl,1
308,CC(Cc1ccc(c(c1)O)O)(C(=O)O)NN,0
309,CCOC(=O)Nc1ccc2c(c1)N(c3ccccc3S2)C(=O)CCN4CCOCC4,1
310,Cc1cn(c(=O)[nH]c1=O)C2CC(C(O2)CO)N=[N+]=[N-],1
311,CC(c1ccc(c(c1)Cl)N2CC=CC2)C(=O)O,1
313,CC1OCC2C(O1)C(C(C(O2)OC3c4cc5c(cc4C(C6C3COC6=O)c7cc(c(c(c7)OC)O)OC)OCO5)O)O,1
314,CC(CCc1ccc(cc1)O)NCCc2ccc(c(c2)O)O,0
315,CC(C)(C)NCC(COc1ccccc1C2CCCC2)O,0
316,C1C(C(C(C(C1NC(=O)C(CCN)O)OC2C(C(C(C(O2)CO)O)N)O)O)OC3C(C(C(C(O3)CN)O)O)O)N,0
317,c1cc(sc1)C(=O)c2ccc(c(c2Cl)Cl)OCC(=O)O,1
318,CC(C)(C(=O)O)Oc1ccc(cc1)CCNC(=O)c2ccc(cc2)Cl,0
319,CC(C)(C)NCC(COc1cccc2c1CC(C(C2)O)O)O,0
320,CC(=O)OC1C(Sc2ccccc2N(C1=O)CCN(C)C)c3ccc(cc3)OC,1
321,CC(c1ccc2c(c1)nc(o2)c3ccc(cc3)Cl)C(=O)O,1
322,CC1(C(C1C(=O)OCc2cccc(c2)Oc3ccccc3)C=C(Cl)Cl)C,0
323,c1cc(c(c(c1C(=O)c2cc(c(c(c2)O)O)O)O)O)O,1
324,c1nc2c(n1C3CC(C(O3)CO)O)NC=NCC2O,1
325,CC1C(C(CC(O1)OC2CC(Cc3c2c(c4c(c3O)C(=O)c5cccc(c5C4=O)OC)O)(C(=O)CO)O)N)O,1
326,CN(C)CCn1c(nnn1)SCC2=C(N3C(C(C3=O)NC(=O)Cc4csc(n4)N)SC2)C(=O)O,1
327,CC(=O)N1CCN(CC1)c2ccc(cc2)OCC3COC(O3)(Cn4ccnc4)c5ccc(cc5Cl)Cl,1
328,c1[nH]c2c(c(=O)n1)ncn2C3CCC(O3)CO,1
329,CCC(C)C(=O)OC1CC(C=C2C1C(C(C=C2)C)CCC3CC(CC(=O)O3)O)C,0
330,CN(CC(=O)O)C(=S)c1cccc2c1ccc(c2C(F)(F)F)OC,1
331,CCC(C)(C)C(=O)OC1CC(C=C2C1C(C(C=C2)C)CCC3CC(CC(=O)O3)O)C,0
332,CC(C)(C)NCC(c1cc(cc(c1)OC(=O)N(C)C)OC(=O)N(C)C)O,0
333,CCOC(=O)C(CCc1ccccc1)NC(C)C(=O)N2Cc3ccccc3CC2C(=O)O,1
334,CCC1C(C(C(N(CC(CC(C(C(C(C(C(=O)O1)C)OC2CC(C(C(O2)C)O)(C)OC)C)OC3C(C(CC(O3)C)N(C)C)O)(C)O)C)C)C)O)(C)O,0
335,CCC(C)n1c(=O)n(cn1)c2ccc(cc2)N3CCN(CC3)c4ccc(cc4)OCC5COC(O5)(Cn6cncn6)c7ccc(cc7Cl)Cl,1
336,CC(CS(=O)(=O)c1ccc(cc1)F)(C(=O)Nc2ccc(c(c2)C(F)(F)F)C#N)O,1
337,CC12CCC3C(C1CCC2C(=O)NC(C)(C)C)CCC4C3(C=CC(=O)N4)C,0
338,CC(C)NCC(COc1ccc(cc1)CCC(=O)OC)O,0
339,CC1CN(CCN1)c2cc3c(cc2F)c(=O)c(cn3c4ccc(cc4F)F)C(=O)O,1
341,c1nc(c2c(n1)n(cn2)CCOCP(=O)(O)O)N,1
342,CC12CCC3C(C1CCC2=O)CC(=C)C4=CC(=O)C=CC34C,1
343,CC(c1cc2ccccc2s1)N(C(=O)N)O,1
344,CC(C)C1c2ccc(cc2CCC1(CCN(C)CCCc3[nH]c4ccccc4n3)OC(=O)COC)F,0
345,CCC1(c2cc-3n(c(=O)c2COC1=O)Cc4c3nc5ccc(c(c5c4)CN(C)C)O)O,0
347,c1cc(c(c(c1)C(=O)c2ccc(cc2)Br)N)CC(=O)O,1
348,CCCCCCCN(CC)CCCC(c1ccc(cc1)NS(=O)(=O)C)O,0
349,Cc1ccc(c(c1)C(CCN(C(C)C)C(C)C)c2ccccc2)O,0
350,CC(C)(C)NC(=O)C1CC2CCCCC2CN1CC(C(Cc3ccccc3)NC(=O)C(CC(=O)N)NC(=O)c4ccc5ccccc5n4)O,1
351,CC(C)c1c(c(c(n1CCC(CC(CC(=O)O)O)O)c2ccc(cc2)F)c3ccccc3)C(=O)Nc4ccccc4,1
352,c1cn(c(=O)nc1N)C2CSC(O2)CO,1
353,CNCCC(c1cccs1)Oc2cccc3c2cccc3,1
354,c1c(c(nc(=O)n1C2CSC(O2)CO)N)F,1
355,Cc1c2c(nc(n1)C)N(C(=O)CC2)Cc3ccc(cc3)c4ccccc4c5n[nH]nn5,1
356,CCCCCOC(=O)Nc1c(cn(c(=O)n1)C2C(C(C(O2)C)O)O)F,1
357,c1cc(c(cc1F)F)n2cc(c(=O)c3c2nc(c(c3)F)N4CC5C(C4)C5N)C(=O)O,1
358,c1nc2c(nc(nc2n1C3CC(C=C3)CO)N)NC4CC4,1
359,CC(C(=O)Nc1c(c(c(c(c1I)C(=O)NC(CO)CO)I)C(=O)NC(CO)CO)I)O,0
360,Cc1cc(c(c2c1cccn2)O)Br,1
361,CN1c2c(oc(=O)n(c2=O)c3ccccn3)-c4ccccc4S1(=O)=O,1
362,c1cc(ccc1S(=O)(=O)NC=NCCSCc2csc(n2)N=C(N)N)Br,1
363,CCN(CC)CCOc1cccc(c1OCCN(CC)CC)OCCN(CC)CC,0
364,CNC1CCC(c2c1cccc2)c3ccc(c(c3)Cl)Cl,0
365,CN1c2ccccc2C(c3ccc(cc3S1(=O)=O)Cl)NCCCCCCC(=O)O,1
366,Cc1nc(cn1c2ccc(cc2)[N+](=O)[O-])[N+](=O)[O-],1
367,Cc1c2c(cc(c1F)N3CCNC(C3)C)n(cc(c2=O)C(=O)O)C4CC4,1
368,CN(CCOc1ccc(cc1)CC2C(=O)NC(=O)S2)c3ccccn3,1
369,Cc1cc2c(cc1C(=C)c3ccc(cc3)C(=O)O)C(CCC2(C)C)(C)C,1
371,B(C(CC(C)C)NC(=O)C(Cc1ccccc1)NC(=O)c2cnccn2)(O)O,1
372,CC(C)(C)c1ccc(cc1)S(=O)(=O)Nc2c(c(nc(n2)c3ncccn3)OCCO)Oc4ccccc4OC,1
374,CC1CC2C3CCC4=CC(=O)C=CC4(C3(C(CC2(C1(C(=O)CCl)O)C)O)Cl)C,0
375,CN(Cc1cnc2c(n1)c(nc(n2)N)N)c3ccc(cc3)C(=O)NC(CCC(=O)O)C(=O)O,1
376,CN(C)CCCC1(c2ccc(cc2CO1)C#N)c3ccc(cc3)F,0
378,CC1COc2c3n1cc(c(=O)c3cc(c2N4CCN(CC4)C)F)C(=O)O,1
379,CCCCCC(C=CC1C(CC(=O)C1CCCCCCC(=O)O)O)O,0
380,Cc1ccc(c(c1)CC(=O)O)Nc2c(cccc2Cl)F,1
381,COc1c2c(cc(c1N3CC4CCCNC4C3)F)c(=O)c(cn2C5CC5)C(=O)O,1
382,CCOC1C(CC(=O)O1)NC(=O)C2CCCN3N2C(=O)C(CCC3=O)NC(=O)c4c5ccccc5ccn4,1
383,C=C1C(CC(C1CO)O)n2cnc3c2[nH]c(nc3=O)N,1
384,C1C(C(C(C(C1N)OC2C(C(C(C(O2)CO)O)O)N)OC3C(C(C(O3)CO)OC4C(C(C(C(O4)CN)O)O)N)O)O)N,0
385,C1C2C(C(S1)CCCCC(=O)O)NC(=O)N2,0
386,CN1C2CCC1CC(C2)OC(=O)C(CO)c3ccccc3,0
387,Cc1cc(nc(n1)OC(C(=O)O)C(c2ccccc2)(c3ccccc3)OC)C,1
389,CS(=O)(=O)CCNCc1ccc(o1)c2ccc3c(c2)c(ncn3)Nc4ccc(c(c4)Cl)OCc5cccc(c5)F,1
390,CC(C)CN(CC(C(Cc1ccccc1)NC(=O)OC2COC3C2CCO3)O)S(=O)(=O)c4ccc(cc4)N,1
391,CCOC(C(=O)c1ccc(cc1)c2ccccc2)Nc3ccc(cc3)C(=O)O,1
392,CCc1c(c2ccccc2o1)C(=O)c3ccc(cc3)O,1
393,C1C(ON=C1Cl)C(C(=O)O)N,0
394,CC(C)c1nc(cs1)CN(C)C(=O)NC(C(C)C)C(=O)NC(Cc2ccccc2)CC(C(Cc3ccccc3)NC(=O)OCc4cncs4)O,1
395,c1cc(c(cc1C(CN)O)O)O,0
397,CC1CC(=O)C=C(C12C(=O)c3c(cc(c(c3O2)Cl)OC)OC)OC,1
398,CC1C(C(C(C(O1)OC2C(OC(C(C2O)O)OC3C(OC(C(C3O)O)O)CO)CO)O)O)NC4C=C(C(C(C4O)O)O)CO,1
399,COC1(C2N(C1=O)C(=C(CS2)COC(=O)N)C(=O)O)NC(=O)Cc3cccs3,1
400,c1ccc(cc1)C2CC2N,0
401,CC1C2Cc3ccc(cc3C1(CCN2CC=C(C)C)C)O,0
403,CC(=O)OC1C(CC2C1(CCC3C2CCC4C3(CC(C(C4)O)N5CCOCC5)C)C)[N+]6(CCCC6)CC=C,0
404,CC(Cc1ccc(cc1)O)(C(=O)O)N,0
405,CC(CO)NC(=O)C1CN(C2Cc3c[nH]c4c3c(ccc4)C2=C1)C,0
407,CC1=C(C(CCC1)(C)C)C=CC(=CC=CC(=CCO)C)C,0
408,Cn1c(nnn1)SCC2=C(N3C(C(C3=O)NC(=O)C(c4ccccc4)O)SC2)C(=O)O,1
409,CC(Cn1cnc2c1ncnc2N)OCP(=O)(O)O,1
410,CC1(C(N2C(S1)C(C2=O)NC(=O)C(c3ccccc3)NC(=O)N4CCN(C4=O)S(=O)(=O)C)C(=O)O)C,1
411,CCCc1cc(=O)[nH]c(=S)[nH]1,1
412,c1[nH]c2c(n1)[nH]cnc2=S,1
413,CN1CCCN=C1C=Cc2cccs2,0
414,CN1CCN(CC1)CCC=C2c3ccccc3Sc4c2cc(cc4)S(=O)(=O)N(C)C,1
415,Cn1cc[nH]c1=S,1
416,CC(C)C=CCCCCC(=O)NCc1ccc(c(c1)OC)O,0
417,CC(C)n1c2ccccc2c(c1C=CC(CC(CC(=O)O)O)O)c3ccc(cc3)F,0
418,c1[nH]c2c(n1)[nH]c(nc2=S)N,1
419,CCC(=C(c1ccccc1)c2ccc(cc2)OCCN(C)C)c3ccccc3,1
421,CCCCN1C(=O)C(NC(=O)C12CCN(CC2)Cc3ccc(cc3)Oc4ccc(cc4)C(=O)O)C(C5CCCCC5)O,1
422,CN(C)Cc1ccc(o1)CSCCNC(=C[N+](=O)[O-])NCc2ccc3c(c2)OCO3,1
423,CCCCCCCCCCCC(CC1C(C(=O)O1)CCCCCC)OC(=O)C(CC(C)C)NC=O,1
424,CC(Cc1ccc(cc1)OC)NCC(c2ccc(c(c2)NC=O)O)O,0
426,Cc1ccc(cc1)C(=O)c2cc(c(c(c2)O)O)[N+](=O)[O-],1
427,CCCCCC(C=CC1C(CC(=O)C1CC=CCCCC(=O)O)O)O,0
428,CN1C(=C(Nc2ccccn2)O)C(=O)c3ccccc3S1(=O)=O,1
429,CC(C)C(C)C=CC(C)C1CCC2C1(CCCC2=CC=C3CC(CCC3=C)O)C,0
430,CC1c2cccc(c2C(=C3C1C(C4C(C(=O)C(=C(N)O)C(=O)C4(C3=O)O)N(C)C)O)O)O,1
431,CC(C)(c1ccccc1CCC(c2cccc(c2)C=Cc3ccc4ccc(cc4n3)Cl)SCC5(CC5)CC(=O)O)O,0
432,Cc1ccc(cc1)C(=CCN2CCCC2)c3ccccn3,0
433,CN1CCC23c4c5ccc(c4OC2C(C=CC3C1C5)O)OC,0
434,CN1CCC23c4c5ccc(c4OC2C(=O)CCC3C1C5)OC,0
435,CN1CCC23c4c5ccc(c4OC2C(=O)CCC3C1C5)O,0
436,C=C1CCC2(C3Cc4ccc(c5c4C2(C1O5)CCN3CC6CC6)O)O,0
437,CN1CCC23c4c5ccc(c4OC2C(=O)CCC3(C1C5)O)OC,0
438,CN1CCC23c4c5ccc(c4OC2C(=O)CCC3(C1C5)O)O,0
439,CN1CCC23c4c5ccc(c4OC2C(C=CC3C1C5)O)O,0
440,CCN(CC)CCNC(=O)c1c(c([nH]c1C)C=C2c3cc(ccc3NC2=O)F)C,1
441,CN(C)NN=C1C(=NC=N1)C(=O)N,1
442,c1cc(oc1C=NN2CC(=O)NC2=O)[N+](=O)[O-],1
443,c1ccnc(c1)NS(=O)(=O)c2ccc(cc2)NN=C3C=CC(=O)C(=C3)C(=O)O,1
444,CN1CCC23CCCCC2C1Cc4c3cc(cc4)OC,0
445,Cn1c(nc(=O)c(=O)[nH]1)SCC2=C(N3C(C(C3=O)NC(=O)C(=NOC)c4csc(n4)N)SC2)C(=O)O,1
446,CCOC(=O)C(CCc1ccccc1)NC2CCc3ccccc3N(C2=O)CC(=O)O,1
447,CC(C)(C)NC(=O)C1CN(CCN1CC(CC(Cc2ccccc2)C(=O)NC3c4ccccc4CC3O)O)Cc5cccnc5,1
450,CON=C(c1ccc(cc1)c2ccc(o2)c3ccc(cc3)C(=NOC)N)N,1
451,CC(C)CC(CC(=O)O)CN,0
452,CC1CN(CCC1(C)c2cccc(c2)O)CC(Cc3ccccc3)C(=O)NCC(=O)O,0
453,c1cc(ccc1C(=O)O)N2C(=C3C=CC=CC3=O)NC(=C4C=CC=CC4=O)N2,1
454,CC(C)C(Cc1ccc(c(c1)OCCCOC)OC)CC(C(CC(C(C)C)C(=O)NCC(C)(C)C(=O)N)O)N,0
458,CC(=O)Oc1cc2c(s1)CCN(C2)C(c3ccccc3F)C(=O)C4CC4,0
459,CN1CCC(CC1)Nc2ncc3c(n2)c(ncn3)Nc4ccc(c(c4)Cl)F,1
462,Cc1ccc(cc1S(=O)(=O)N)Nc2nccc(n2)N(C)c3ccc4c(n(nc4c3)C)C,1
468,CN(C)C1C2C(C3C(=C)c4cccc(c4C(=C3C(=O)C2(C(=C(C1=O)C(=O)N)O)O)O)O)O,1
469,C(C(C1C(=C(C(=O)O1)O)O)O)O,0
470,CN(C)C1C2CC3C(c4c(ccc(c4C(=C3C(=O)C2(C(=C(C1=O)C(=O)N)O)O)O)O)Cl)O,1
0,CC(=O)OCC[N+](C)(C)C,0
1,C[N+](C)(C)CC(=O)[O-],0
2,c1cc(ccc1C(C(CO)NC(=O)C(Cl)Cl)O)[N+](=O)[O-],0
3,c1ccc(c(c1)C(=O)O)O,0
4,CC(C(=O)c1cccc(c1)Cl)NC(C)(C)C,0
5,C(C(C(C(C(CO)O)O)O)O)O,0
6,C(CCC(=O)O)CCN,0
7,CS(=O)C,0
8,c1cc(c(cc1CCN)O)O,0
9,C1(C(C(C(C(C1Cl)Cl)Cl)Cl)Cl)Cl,0
10,C1(C(C(C(C(C1O)O)O)O)O)O,0
11,c1cc(cnc1)C(=O)O,1
12,c1cc(ccc1C(=O)O)N,0
13,CC(C)(CO)C(C(=O)NCCC(=O)O)O,0
14,c1cnc(cn1)C(=O)N,1
15,Cc1c(c(c(cn1)CO)CO)O,0
16,Cc1c(sc[n+]1Cc2cnc(nc2N)C)CCO,0
17,Cc1ccc2cc3c4ccccc4ccc3c5c2c1CC5,1
18,c1ccc(cc1)C2(C(=O)NC(=O)N2)c3ccccc3,1
19,c1cc2cccnc2c(c1)O,1
20,c1ccc2c(c1)c(c3c(n2)CCCC3)N,0
21,CC(=O)Nc1nnc(s1)S(=O)(=O)N,1
22,CC(=O)c1ccc(cc1)S(=O)(=O)NC(=O)NC2CCCCC2,1
24,CCCSc1ccc2c(c1)[nH]c(n2)NC(=O)OC,1
25,CC(C)(C)NCC(c1ccc(c(c1)CO)O)O,0
26,C(CC(O)(P(=O)(O)O)P(=O)(O)O)CN,0
27,c1c-2c(=O)ncnc2[nH][nH]1,1
28,C1C2CC3CC1CC(C2)(C3)N,0
29,CC(=O)Nc1c(c(c(c(c1I)NC(=O)C)I)C(=O)O)I,0
30,C(CN)CNCCSP(=O)(O)O,0
31,CCC1(CCC(=O)NC1=O)c2ccc(cc2)N,0
32,CN(C)CCC=C1c2ccccc2CCc3c1cccc3,0
33,CCN(CC)Cc1cc(ccc1O)Nc2ccnc3c2ccc(c3)Cl,1
34,COc1cc(ccc1Nc2c3ccccc3nc4c2cccc4)NS(=O)(=O)C,1
35,CC(=O)Oc1ccccc1C(=O)O,0
36,COc1ccc(cc1)CCN2CCC(CC2)Nc3nc4ccccc4n3Cc5ccc(cc5)F,0
37,CC(C)NCC(COc1ccc(cc1)CC(=O)N)O,0
38,Cn1cnc(c1Sc2c3c(nc[nH]3)ncn2)[N+](=O)[O-],1
39,c1ccc(cc1)Cn2c3ccccc3c(n2)OCC(=O)O,1
40,CCc1c(c2ccccc2o1)C(=O)c3cc(c(c(c3)Br)O)Br,1
41,CC(Cc1ccccc1)N(C)Cc2ccccc2,0
42,CC(C[N+](C)(C)C)OC(=O)N,0
43,c1ccc(cc1)C(CCN2CCCCC2)(C3CC4CC3C=C4)O,0
44,c1c(cc(c(c1Sc2cc(cc(c2O)Cl)Cl)O)Cl)Cl,1
45,CCCCNc1cc(cc(c1Oc2ccccc2)S(=O)(=O)N)C(=O)O,1
46,CCCCN1CCCCC1C(=O)Nc2c(cccc2C)C,0
47,c1cnc(nc1)N2CCN(CC2)CCCCN3C(=O)CC4(CCCC4)CC3=O,0
48,CS(=O)(=O)OCCCCOS(=O)(=O)C,1
49,CC(C)C(CCCN(C)CCc1ccc(c(c1)OC)OC)(C#N)c2ccc(c(c2)OC)OC,1
50,c1ccc2c(c1)C=Cc3ccccc3N2C(=O)N,1
51,CCN(CC)CCOCCOC(=O)C1(CCCC1)c2ccccc2,0
52,CN(C)CCOC(c1ccc(cc1)Cl)c2ccccn2,0
53,CCCC(C)(COC(=O)N)COC(=O)NC(C)C,0
54,CC1=C(N2C(C(C2=O)NC(=O)C(c3ccc(cc3)O)N)SC1)C(=O)O,1
55,Cc1ccc(cc1)c2cc(nn2c3ccc(cc3)S(=O)(=O)N)C(F)(F)F,1
56,C(C(Cl)(Cl)Cl)(O)O,0
57,CN1CCN(CC1)C(c2ccccc2)c3ccc(cc3)Cl,0
58,CN1C(S(=O)(=O)CCC1=O)c2ccc(cc2)Cl,1
59,CN(C)CCC(c1ccc(cc1)Cl)c2ccccn2,0
60,CCCNC(=O)NS(=O)(=O)c1ccc(cc1)Cl,1
61,c1cc2c(cc1Cl)[nH]c(=O)o2,1
62,Cc1cc(n(c(=O)c1)O)C2CCCCC2,0
63,c1cc2c(cc1OCCCCc3nnnn3C4CCCCC4)CCC(=O)N2,0
64,c1c2c(cc(c1F)N3CCNCC3)n(cc(c2=O)C(=O)O)C4CC4,1
65,c1cc(c(c(c1)Cl)NC2=NCCN2)Cl,1
66,CN1CCN(CC1)C2=c3ccccc3=Nc4ccc(cc4N2)Cl,1
67,CC(=O)Oc1ccc(cc1)C(=C2CCCCC2)c3ccc(cc3)OC(=O)C,1
68,CN1CCC(=C2c3ccccc3C=Cc4c2cccc4)CC1,1
69,c1cc(ccc1c2ccc(o2)C=NN3CC(=O)NC3=O)[N+](=O)[O-],1
70,c1cc(ccc1N)S(=O)(=O)c2ccc(cc2)N,1
